epoch,endogeq_1,total_loss
0,0.012905843555927277,0.012905843555927277
1,0.005923665128648281,0.005923665128648281
2,0.005633622407913208,0.005633622407913208
3,0.0009662730153650045,0.0009662730153650045
4,0.0003080925380345434,0.0003080925380345434
5,0.00015457614790648222,0.00015457614790648222
6,1.1844384971482214e-05,1.1844384971482214e-05
7,7.062947133817943e-06,7.062947133817943e-06
8,6.816958830313524e-06,6.816958830313524e-06
