epoch,endogeq_1,total_loss
0,0.16779987514019012,0.16779987514019012
1,0.032578032463788986,0.032578032463788986
2,0.01694079488515854,0.01694079488515854
3,0.003104373812675476,0.003104373812675476
4,0.000237452972214669,0.000237452972214669
5,1.9897181118722074e-05,1.9897181118722074e-05
6,5.083134510641685e-06,5.083134510641685e-06
7,3.027930915777688e-06,3.027930915777688e-06
8,2.9533005090343067e-06,2.9533005090343067e-06
