epoch,endogeq_1,total_loss
0,3.596107944758842e-07,3.596107944758842e-07
1,1.1743973971078958e-07,1.1743973971078958e-07
